{
  "0": {
    "0.05": {
      "mean": 0.20281877964735032,
      "std": 0.00764197515253365
    },
    "0.1": {
      "mean": 0.33670006692409515,
      "std": 0.00602067348629594
    },
    "0.2": {
      "mean": 0.5252143979072571,
      "std": 0.008602507113891196
    },
    "0.5": {
      "mean": 0.8410176485776901,
      "std": 0.0033808945673150246
    }
  },
  "1": {
    "0.05": {
      "mean": 0.46834092289209367,
      "std": 0.02345250806032523
    },
    "0.1": {
      "mean": 0.6145153373479844,
      "std": 0.02129170413825888
    },
    "0.2": {
      "mean": 0.7645294696092606,
      "std": 0.016761641209119972
    },
    "0.5": {
      "mean": 0.9409922450780869,
      "std": 0.0060290410083334006
    }
  },
  "2": {
    "0.05": {
      "mean": 0.46395516246557233,
      "std": 0.016823894956853994
    },
    "0.1": {
      "mean": 0.5954332530498505,
      "std": 0.013114414927656233
    },
    "0.2": {
      "mean": 0.7395399123430252,
      "std": 0.01008531155902617
    },
    "0.5": {
      "mean": 0.9269603431224823,
      "std": 0.0051920151714740384
    }
  },
  "3": {
    "0.05": {
      "mean": 0.48722694218158724,
      "std": 0.019218544027806286
    },
    "0.1": {
      "mean": 0.5942606002092361,
      "std": 0.0180549537603051
    },
    "0.2": {
      "mean": 0.7251517742872238,
      "std": 0.012695200307140882
    },
    "0.5": {
      "mean": 0.9147667497396469,
      "std": 0.006091770543984351
    }
  },
  "4": {
    "0.05": {
      "mean": 0.513724946975708,
      "std": 0.021362183319555965
    },
    "0.1": {
      "mean": 0.5989656150341034,
      "std": 0.01917425880324454
    },
    "0.2": {
      "mean": 0.7181845337152482,
      "std": 0.013570629604729493
    },
    "0.5": {
      "mean": 0.9060069888830184,
      "std": 0.006686344583661605
    }
  },
  "5": {
    "0.05": {
      "mean": 0.5389888226985932,
      "std": 0.028351877911719038
    },
    "0.1": {
      "mean": 0.6043358862400054,
      "std": 0.02488053780045358
    },
    "0.2": {
      "mean": 0.7012272626161575,
      "std": 0.01867065662320496
    },
    "0.5": {
      "mean": 0.881935578584671,
      "std": 0.010035851563587123
    }
  },
  "6": {
    "0.05": {
      "mean": 0.5163976341485977,
      "std": 0.024657555051515356
    },
    "0.1": {
      "mean": 0.5864686697721482,
      "std": 0.021840938285983227
    },
    "0.2": {
      "mean": 0.6900170356035232,
      "std": 0.01561122803167128
    },
    "0.5": {
      "mean": 0.8775659799575806,
      "std": 0.009564319654469296
    }
  },
  "7": {
    "0.05": {
      "mean": 0.4858266279101372,
      "std": 0.030533136696653848
    },
    "0.1": {
      "mean": 0.5546096205711365,
      "std": 0.02771288332292362
    },
    "0.2": {
      "mean": 0.6582727581262589,
      "std": 0.02117162248920203
    },
    "0.5": {
      "mean": 0.8615066885948182,
      "std": 0.011510511862900693
    }
  },
  "8": {
    "0.05": {
      "mean": 0.5139918982982635,
      "std": 0.03156192605872221
    },
    "0.1": {
      "mean": 0.5732479661703109,
      "std": 0.029134191036717504
    },
    "0.2": {
      "mean": 0.6684720575809479,
      "std": 0.02269112126321202
    },
    "0.5": {
      "mean": 0.8607552766799926,
      "std": 0.011954733033921104
    }
  },
  "9": {
    "0.05": {
      "mean": 0.5796937823295594,
      "std": 0.028297298733854653
    },
    "0.1": {
      "mean": 0.6332509815692902,
      "std": 0.024509478330241877
    },
    "0.2": {
      "mean": 0.7161410510540008,
      "std": 0.018750113530056185
    },
    "0.5": {
      "mean": 0.8771923154592514,
      "std": 0.00955736416845008
    }
  },
  "10": {
    "0.05": {
      "mean": 0.6156698316335678,
      "std": 0.023763728347315445
    },
    "0.1": {
      "mean": 0.6602863937616348,
      "std": 0.019930926478436285
    },
    "0.2": {
      "mean": 0.7302368670701981,
      "std": 0.014980214553490941
    },
    "0.5": {
      "mean": 0.8774604350328445,
      "std": 0.008414229331185692
    }
  },
  "11": {
    "0.05": {
      "mean": 0.6262334495782852,
      "std": 0.022236661249826324
    },
    "0.1": {
      "mean": 0.6689365297555924,
      "std": 0.019289303873425593
    },
    "0.2": {
      "mean": 0.7366328746080398,
      "std": 0.014749833443231709
    },
    "0.5": {
      "mean": 0.8794429540634155,
      "std": 0.010439383211276607
    }
  },
  "12": {
    "0.05": {
      "mean": 0.6981007933616639,
      "std": 0.02343835398698063
    },
    "0.1": {
      "mean": 0.7335154443979264,
      "std": 0.020573336212692694
    },
    "0.2": {
      "mean": 0.7883865445852279,
      "std": 0.016729636152692032
    },
    "0.5": {
      "mean": 0.9030050963163376,
      "std": 0.009298011492126897
    }
  },
  "13": {
    "0.05": {
      "mean": 0.6789081126451493,
      "std": 0.020461476344523867
    },
    "0.1": {
      "mean": 0.7131863206624984,
      "std": 0.018599174394272236
    },
    "0.2": {
      "mean": 0.767683807015419,
      "std": 0.016112943308039626
    },
    "0.5": {
      "mean": 0.889162790775299,
      "std": 0.009753643765950204
    }
  },
  "14": {
    "0.05": {
      "mean": 0.689032432436943,
      "std": 0.02212229418052696
    },
    "0.1": {
      "mean": 0.7214243650436402,
      "std": 0.020132539497777366
    },
    "0.2": {
      "mean": 0.7740053057670593,
      "std": 0.018206993330409853
    },
    "0.5": {
      "mean": 0.8922877222299576,
      "std": 0.010837557691978679
    }
  },
  "15": {
    "0.05": {
      "mean": 0.6619442850351334,
      "std": 0.021685107835108092
    },
    "0.1": {
      "mean": 0.6962848097085953,
      "std": 0.019452780576230067
    },
    "0.2": {
      "mean": 0.7529505670070649,
      "std": 0.016991731194668257
    },
    "0.5": {
      "mean": 0.8802994728088379,
      "std": 0.010432758311304415
    }
  },
  "16": {
    "0.05": {
      "mean": 0.6927217960357666,
      "std": 0.02411808905982251
    },
    "0.1": {
      "mean": 0.7294717252254486,
      "std": 0.02106202208202567
    },
    "0.2": {
      "mean": 0.7867662847042084,
      "std": 0.017761457127074245
    },
    "0.5": {
      "mean": 0.9065559476613998,
      "std": 0.010141381328218627
    }
  },
  "17": {
    "0.05": {
      "mean": 0.6644338220357895,
      "std": 0.02807740384500097
    },
    "0.1": {
      "mean": 0.7027290046215058,
      "std": 0.025013056220783335
    },
    "0.2": {
      "mean": 0.763999006152153,
      "std": 0.020920762102447803
    },
    "0.5": {
      "mean": 0.8944532454013825,
      "std": 0.01141584217204601
    }
  },
  "18": {
    "0.05": {
      "mean": 0.6657724708318711,
      "std": 0.02373802920554851
    },
    "0.1": {
      "mean": 0.7066664457321167,
      "std": 0.02050435998938946
    },
    "0.2": {
      "mean": 0.7692230612039566,
      "std": 0.016355073213493453
    },
    "0.5": {
      "mean": 0.8985373556613923,
      "std": 0.00886149189553024
    }
  },
  "19": {
    "0.05": {
      "mean": 0.6629410356283187,
      "std": 0.02492467142167156
    },
    "0.1": {
      "mean": 0.7050535261631012,
      "std": 0.021426267343040158
    },
    "0.2": {
      "mean": 0.7685810208320618,
      "std": 0.017309344203856984
    },
    "0.5": {
      "mean": 0.8976779907941819,
      "std": 0.008362270273553081
    }
  },
  "20": {
    "0.05": {
      "mean": 0.688168054819107,
      "std": 0.0314635453157712
    },
    "0.1": {
      "mean": 0.7269223749637603,
      "std": 0.0269736907656284
    },
    "0.2": {
      "mean": 0.7865319222211837,
      "std": 0.021790345925557616
    },
    "0.5": {
      "mean": 0.9080414205789566,
      "std": 0.010336184152034899
    }
  },
  "21": {
    "0.05": {
      "mean": 0.7045020580291748,
      "std": 0.025064919493629236
    },
    "0.1": {
      "mean": 0.7430680990219116,
      "std": 0.02153947567031979
    },
    "0.2": {
      "mean": 0.8017342537641525,
      "std": 0.01752720358369292
    },
    "0.5": {
      "mean": 0.9167407929897309,