{
  "wikitext-103-v1": {
    "Full Cache": 8.464220531452401,
    "Authors H2O 20%": 9.73068597021968,
    "Ours H2O 20%": 11.5376325060542,
    "Ours H2O 50%": 9.185498122715837,
    "Local-only 20%": 29.875332089705427
  },
  "wikitext-2-v1": {
    "Full Cache": 8.168163221240102,
    "Authors H2O 20%": 9.376082701327855,
    "Ours H2O 20%": 11.066258367563298,
    "Ours H2O 50%": 8.738665713700842,
    "Local-only 20%": 22.281316466372026
  }
}